title,qty_ratings,avg_rating
Forrest Gump (1994),329,4.164133738601824
"Shawshank Redemption, The (1994)",317,4.429022082018927
Pulp Fiction (1994),307,4.197068403908795
"Silence of the Lambs, The (1991)",279,4.161290322580645
"Matrix, The (1999)",278,4.192446043165468
Star Wars: Episode IV - A New Hope (1977),251,4.231075697211155
Jurassic Park (1993),238,3.75
Braveheart (1995),237,4.031645569620253
Terminator 2: Judgment Day (1991),224,3.970982142857143
Schindler's List (1993),220,4.225
